web-scraper-order,web-scraper-start-url,house_link,house_link-href,state_city_zip,status,address,page2,page2-href,page3,page3-href,area_sqft,bedroom,bathroom,zestimate,asking_price,type,year_built,heating,cooling,parking,lot,rent_zestimate,elementrary_rating,middle_school_rating,high_school_rating,kitchen_feature,construction_material,roof,utility,annual_tax_amount
"1572900697-1627","https://www.zillow.com/homes/newark-ca_rb/","","https://www.zillow.com/homedetails/36815-Hafner-St-Newark-CA-94560/24927125_zpid/","Newark, CA 94560","Pre-foreclosure","36815 Hafner St,","2","https://www.zillow.com/newark-ca/2_p/","","","null","3","null","$581,451","$581,451","Single Family","1954","No Data","No Data","Single Family","5,000 sqft","null","4","4","6","{""targetDiv"":""gpt-ad-c293cf87-3c9f-4f56-b9e9-1b66ea85c45a"",""slot"":""zillow/property_details/buy_foreclosure/rtt_main_p1"",""network"":""7449"",""sizes"":[""fluid""],""defer_ad"":true,""explicit_defer_ad"":false,""defer_target_frame"":false,""targets"":{""aamgnrc1"":""36815 Hafner St"",""bd"":""3"",""city"":""Newark"",""proptp"":""sfh"",""pid"":""24927125"",""lot"":""1"",""zestibuck"":""600-699k"",""listtp"":""buy_foreclosure"",""zguidh"":""-8312600499343504410"",""sqftrange"":""500-999"",""price"":""668335"",""sqft"":""923"",""posting_url"":"""",""mlong"":""-122.030226"",""state"":""CA"",""park"":""yes"",""prange"":""600-699k"",""zip"":""94560"",""mlat"":""37.539894"",""z_listing_image_url"":"""",""zusr"":""true"",""price_band"":""z600"",""yrblt"":""1940-1959"",""zestimate"":""668335"",""premieragent"":""no""}}","null","null","null","null"
"1572900852-1787","https://www.zillow.com/homes/newark-ca_rb/","","https://www.zillow.com/community/skylark-at-sanctuary-village/2082605867_zpid/","Fremont, CA 94538","New construction","Buildable plan: Skylark Plan Three, Skylark at Sanctuary Village,","","","","","3,535","5","6","$1,538,954","$1,539,000","Single Family","2019","No Data","No Data","Single Family","No Data","null","9","4","6","{""targetDiv"":""gpt-ad-e7d02aa0-e504-415b-86b6-f31386b320a1"",""slot"":""zillow/property_details/buy_builder_community/rtt_main_p1"",""network"":""7449"",""sizes"":[""fluid""],""defer_ad"":true,""explicit_defer_ad"":false,""defer_target_frame"":false,""targets"":{""aamgnrc2"":"" 363CCZ"",""aamgnrc1"":""39514 S Darner Dr"",""bd"":""5"",""fsbid"":""14581"",""city"":""Fremont"",""proptp"":""sfh"",""pid"":""2082605867"",""zestibuck"":""1_5-1_999m"",""listtp"":""buy_builder_community"",""zguidh"":""1805368842246238228"",""sqftrange"":""3500-3999"",""price"":""1539000"",""sqft"":""3535"",""posting_url"":""https://landseahomes.com/skylark-sanctuary-village/skylark-plan-three?utm_medium=newhomefeed&utm_source=zillow%2Fpaid_network&nhf_channel=6&nhf_listing_id=572330&nhf_listing_type=plan&utm_term=plan_SkylarkPlanThree&utm_campaign=Fremont%2FCA"",""state"":""CA"",""mlong"":""-121.999444"",""cnty"":""Alameda"",""prange"":""1_5-1_999m"",""zip"":""94538"",""mlat"":""37.513056"",""plid"":""26146367"",""z_listing_image_url"":""https://photos.zillowstatic.com/p_d/ISblan0uj0im400000000000.jpg"",""zusr"":""true"",""price_band"":""z1m"",""yrblt"":""2010-2019"",""zestimate"":""1538954"",""premieragent"":""no"",""builderChatId"":""14581-817871"",""dma"":""37""}}","null","null","null","null"
"1572900889-1819","https://www.zillow.com/homes/newark-ca_rb/","","https://www.zillow.com/homedetails/36634-Cherry-St-Newark-CA-94560/24926915_zpid/","Newark, CA 94560","For sale","36634 Cherry St,","","","","","942","3","1","$643,269","$669,000","Single Family","1953","Wall","Central","Single Family","5,000 sqft","$2,750/mo","3","4","6","No Data","null","null","null","null"
"1572900686-1611","https://www.zillow.com/homes/newark-ca_rb/","","https://www.zillow.com/homedetails/37601-Crocus-Ct-Newark-CA-94560/24928826_zpid/","Newark, CA 94560","Pre-foreclosure","37601 Crocus Ct,","2","https://www.zillow.com/newark-ca/2_p/","","","null","4","null","$824,139","$824,139","Single Family","1965","Forced air","No Data","Single Family","7,187 sqft","null","6","4","6","{""targetDiv"":""gpt-ad-2bbd23c0-0734-4672-938a-a17553e04495"",""slot"":""zillow/property_details/buy_foreclosure/rtt_main_p1"",""network"":""7449"",""sizes"":[""fluid""],""defer_ad"":true,""explicit_defer_ad"":false,""defer_target_frame"":false,""targets"":{""aamgnrc1"":""37601 Crocus Ct"",""bd"":""4"",""city"":""Newark"",""proptp"":""sfh"",""pid"":""24928826"",""lot"":""2"",""zestibuck"":""900-999k"",""listtp"":""buy_foreclosure"",""zguidh"":""5935109871348529755"",""sqftrange"":""1500-1999"",""price"":""947287"",""sqft"":""1899"",""posting_url"":"""",""mlong"":""-122.022832"",""state"":""CA"",""park"":""yes"",""prange"":""900-999k"",""zip"":""94560"",""mlat"":""37.531241"",""z_listing_image_url"":""https://photos.zillowstatic.com/p_d/ISh3q996xeaufh0000000000.jpg"",""zusr"":""true"",""price_band"":""z900"",""yrblt"":""1960-1969"",""zestimate"":""947287"",""premieragent"":""no""}}","null","null","null","null"
"1572900743-1681","https://www.zillow.com/homes/newark-ca_rb/","","https://www.zillow.com/homedetails/36532-Olive-St-Newark-CA-94560/24921065_zpid/","Newark, CA 94560","For sale","36532 Olive St,","","","","","1,944","4","2","$959,594","$949,999","Single Family","1993","Forced air","Central","Single Family","7,300 sqft","$3,500/mo","3","4","6","{""targetDiv"":""gpt-ad-4e790fb9-4c69-45c0-adaa-9f906b80a1a1"",""slot"":""zillow/property_details/buy_agent/rtt_main_p1"",""network"":""7449"",""sizes"":[""fluid""],""defer_ad"":true,""explicit_defer_ad"":false,""defer_target_frame"":false,""targets"":{""aamgnrc1"":""36532 Olive St"",""bd"":""4"",""fsbid"":""14106"",""city"":""Newark"",""proptp"":""sfh"",""pid"":""24921065"",""lot"":""2"",""zestibuck"":""900-999k"",""listtp"":""buy_agent"",""zguidh"":""-1510977728966750652"",""sqftrange"":""1500-1999"",""price"":""949999"",""sqft"":""1944"",""posting_url"":"""",""mlong"":""-122.041323"",""state"":""CA"",""park"":""yes"",""prange"":""900-999k"",""zip"":""94560"",""mlat"":""37.534431"",""z_listing_image_url"":""https://photos.zillowstatic.com/p_d/ISrp4ua00vwy641000000000.jpg"",""zusr"":""true"",""price_band"":""z900"",""yrblt"":""1990-1999"",""zestimate"":""959594"",""premieragent"":""no""}}","null","null","null","null"
"1572900670-1587","https://www.zillow.com/homes/newark-ca_rb/","","https://www.zillow.com/homedetails/39428-Dragonfly-St-Newark-CA-94560/2083471840_zpid/","Newark, CA 94560","New construction","39428 Dragonfly St,","2","https://www.zillow.com/newark-ca/2_p/","","","3,490","4","5","$1,585,247","$1,598,000","Single Family","2019","No Data","No Data","Single Family","No Data","null","9","4","6","{""targetDiv"":""gpt-ad-e7cc3ded-0e9a-4ce3-8559-6a3a5d982f86"",""slot"":""zillow/property_details/buy_builder_community/rtt_main_p1"",""network"":""7449"",""sizes"":[""fluid""],""defer_ad"":true,""explicit_defer_ad"":false,""defer_target_frame"":false,""targets"":{""aamgnrc1"":""39428 Dragonfly St"",""bd"":""4"",""fsbid"":""12653"",""city"":""Newark"",""proptp"":""sfh"",""pid"":""2083471840"",""zestibuck"":""1_5-1_999m"",""listtp"":""buy_builder_community"",""stale"":""yes"",""zguidh"":""1805368842246238228"",""sqftrange"":""3000-3499"",""price"":""1598000"",""sqft"":""3490"",""posting_url"":""http://www.drhorton.com/california/bay-area/newark/camellia-at-sanctuary-village/qmis/39428-dragonfly-street.aspx"",""state"":""CA"",""mlong"":""-121.996"",""cnty"":""Santa_Clara"",""prange"":""1_5-1_999m"",""zip"":""94560"",""mlat"":""37.5134"",""plid"":""14513931"",""z_listing_image_url"":""https://photos.zillowstatic.com/p_d/ISn2w42kv2toan1000000000.jpg"",""zusr"":""true"",""price_band"":""z1m"",""hood"":""Monta_Loma"",""yrblt"":""2010-2019"",""zestimate"":""1585247"",""premieragent"":""no"",""builderChatId"":""12653-812008"",""dma"":""37""}}","null","null","null","null"
"1572900771-1714","https://www.zillow.com/homes/newark-ca_rb/","","https://www.zillow.com/homedetails/6315-Joaquin-Murieta-Ave-APT-B-Newark-CA-94560/25060250_zpid/","Newark, CA 94560","For sale by owner","6315 Joaquin Murieta Ave APT B,","","","","","1,394","3","3","$659,996","$655,000","Townhouse","1981","No Data","No Data","Townhouse","1,084 sqft","$3,000/mo","9","4","6","{""targetDiv"":""gpt-ad-b0c65ae3-ba1c-4c04-8021-7be65e6de293"",""slot"":""zillow/property_details/buy_owner/rtt_main_p1"",""network"":""7449"",""sizes"":[""fluid""],""defer_ad"":true,""explicit_defer_ad"":false,""defer_target_frame"":false,""targets"":{""aamgnrc2"":""Apt B"",""aamgnrc1"":""6315 Joaquin Murieta Ave"",""bd"":""3"",""city"":""Newark"",""proptp"":""twn"",""pid"":""25060250"",""lot"":""1"",""zestibuck"":""600-699k"",""listtp"":""buy_owner"",""zguidh"":""7273145508327394097"",""sqftrange"":""1000-1499"",""price"":""655000"",""sqft"":""1394"",""posting_url"":"""",""mlong"":""-122.000584"",""state"":""CA"",""prange"":""600-699k"",""zip"":""94560"",""mlat"":""37.518563"",""z_listing_image_url"":""https://photos.zillowstatic.com/p_d/ISr9gwf11js78p0000000000.jpg"",""zusr"":""true"",""price_band"":""z600"",""yrblt"":""1980-1989"",""zestimate"":""659996"",""premieragent"":""no""}}","null","null","null","null"
"1572900719-1650","https://www.zillow.com/homes/newark-ca_rb/","","https://www.zillow.com/homedetails/39865-Cedar-Blvd-UNIT-243-Newark-CA-94560/25061313_zpid/","Newark, CA 94560","For sale","39865 Cedar Blvd UNIT 243,","2","https://www.zillow.com/newark-ca/2_p/","","","777","1","1","$416,602","$416,600","Condo","1986","No Data","None","Condo","$342/month","$2,300/mo","9","4","6","{""targetDiv"":""gpt-ad-aa47a321-ad3a-4a17-9c67-574b4f1d47aa"",""slot"":""zillow/property_details/buy_agent/rtt_main_p1"",""network"":""7449"",""sizes"":[""fluid""],""defer_ad"":true,""explicit_defer_ad"":false,""defer_target_frame"":false,""targets"":{""aamgnrc2"":""Unit 243"",""aamgnrc1"":""39865 Cedar Blvd"",""bd"":""1"",""fsbid"":""13862"",""city"":""Newark"",""proptp"":""cnd"",""pid"":""25061313"",""lot"":""8"",""zestibuck"":""400-449k"",""listtp"":""buy_agent"",""zguidh"":""-7209740691724113267"",""sqftrange"":""500-999"",""price"":""416600"",""sqft"":""777"",""posting_url"":"""",""mlong"":""-121.995291"",""state"":""CA"",""prange"":""400-449k"",""zip"":""94560"",""mlat"":""37.519248"",""z_listing_image_url"":""https://photos.zillowstatic.com/p_d/ISvoq1g81exk810000000000.jpg"",""zusr"":""true"",""price_band"":""z400"",""yrblt"":""1980-1989"",""zestimate"":""416602"",""premieragent"":""no""}}","null","null","null","null"
"1572900836-1773","https://www.zillow.com/homes/newark-ca_rb/","","https://www.zillow.com/homedetails/5178-Tenaya-Ave-Newark-CA-94560/24927598_zpid/","Newark, CA 94560","For sale","5178 Tenaya Ave,","","","","","1,200","3","2","$779,999","$775,000","Single Family","1955","Forced air","No Data","Single Family","5,005 sqft","$3,200/mo","4","4","6","No Data","null","null","null","null"
"1572900706-1638","https://www.zillow.com/homes/newark-ca_rb/","","https://www.zillow.com/homedetails/37118-Birch-St-Newark-CA-94560/24927877_zpid/","Newark, CA 94560","For sale","37118 Birch St,","2","https://www.zillow.com/newark-ca/2_p/","","","1,101","3","1","null","$835,000","Single Family","1953","Forced air","Central","Single Family","6,534 sqft","$3,100/mo","6","4","6","{""targetDiv"":""gpt-ad-b46152d2-b2e4-461f-bf32-b6608696c44c"",""slot"":""zillow/property_details/buy_agent/rtt_main_p1"",""network"":""7449"",""sizes"":[""fluid""],""defer_ad"":true,""explicit_defer_ad"":false,""defer_target_frame"":false,""targets"":{""aamgnrc1"":""37118 Birch St"",""bd"":""3"",""fsbid"":""4383"",""city"":""Newark"",""proptp"":""sfh"",""pid"":""24927877"",""lot"":""2"",""zestibuck"":""800-899k"",""listtp"":""buy_agent"",""stale"":""yes"",""zguidh"":""2911402225459554899"",""sqftrange"":""1000-1499"",""price"":""835000"",""sqft"":""1101"",""posting_url"":""https://www.coldwellbankerhomes.com/ca/newark/37118-birch-st/pid_32355138/?utm_campaign=OLDP-Zillow&utm_source=zillow&utm_medium=oldp&utm_content=listing"",""mlong"":""-122.027727"",""state"":""CA"",""park"":""yes"",""prange"":""800-899k"",""zip"":""94560"",""mlat"":""37.536938"",""z_listing_image_url"":""https://photos.zillowstatic.com/p_d/ISvs54rfbxxhew1000000000.jpg"",""zusr"":""true"",""price_band"":""z800"",""yrblt"":""1940-1959"",""zestimate"":""835003"",""premieragent"":""no""}}","null","null","null","null"
"1572900886-1816","https://www.zillow.com/homes/newark-ca_rb/","","https://www.zillow.com/community/camellia-at-sanctuary-village/2082315003_zpid/","Newark, CA 94560","New construction","Buildable plan: Residence 3, Camellia at Sanctuary Village,","","","","","3,792","5","5","$1,673,811","$1,684,990","Single Family","2019","No Data","No Data","Single Family","No Data","null","9","4","6","{""targetDiv"":""gpt-ad-3f059e80-c859-4c23-8e51-3690eb0b58df"",""slot"":""zillow/property_details/buy_builder_community/rtt_main_p1"",""network"":""7449"",""sizes"":[""fluid""],""defer_ad"":true,""explicit_defer_ad"":false,""defer_target_frame"":false,""targets"":{""aamgnrc2"":"" GJHTUB"",""aamgnrc1"":""6509 Purple Crab Dr"",""bd"":""5"",""fsbid"":""12653"",""city"":""Newark"",""proptp"":""sfh"",""pid"":""2082315003"",""zestibuck"":""1_5-1_999m"",""listtp"":""buy_builder_community"",""zguidh"":""1805368842246238228"",""sqftrange"":""3500-3999"",""price"":""1684990"",""sqft"":""3792"",""posting_url"":""http://www.drhorton.com/california/bay-area/newark/camellia-at-sanctuary-village/floor-plans/0003.aspx"",""state"":""CA"",""mlong"":""-121.996"",""cnty"":""Alameda"",""prange"":""1_5-1_999m"",""zip"":""94560"",""mlat"":""37.5134"",""plid"":""14513931"",""z_listing_image_url"":""https://photos.zillowstatic.com/p_d/IS3z3hbxgzr16m0000000000.jpg"",""zusr"":""true"",""price_band"":""z1m"",""yrblt"":""2010-2019"",""zestimate"":""1673811"",""premieragent"":""no"",""builderChatId"":""12653-812008"",""dma"":""37""}}","null","null","null","null"
"1572900814-1755","https://www.zillow.com/homes/newark-ca_rb/","","https://www.zillow.com/community/lighthouse/2082743745_zpid/","Newark, CA 94560","New construction","Buildable plan: Residence 2, Lighthouse,","","","","","1,682","3","4","$1,014,876","$1,025,880","Townhouse","2019","No Data","No Data","Townhouse","No Data","null","3","4","6","{""targetDiv"":""gpt-ad-25f59e99-c3ce-4c7d-8e34-30d597ef2a84"",""slot"":""zillow/property_details/buy_builder_community/rtt_main_p1"",""network"":""7449"",""sizes"":[""fluid""],""defer_ad"":true,""explicit_defer_ad"":false,""defer_target_frame"":false,""targets"":{""aamgnrc2"":"" QGJNZM"",""aamgnrc1"":""37533 Willow St"",""bd"":""3"",""fsbid"":""11527"",""city"":""Newark"",""proptp"":""twn"",""pid"":""2082743745"",""zestibuck"":""1-1_499m"",""listtp"":""buy_builder_community"",""zguidh"":""1805368842246238228"",""sqftrange"":""1500-1999"",""price"":""1025880"",""sqft"":""1682"",""posting_url"":""http://www.lennar.com/new-homes/california/san-francisco-bay-area/newark/lighthouse?utm_source=zillowtrulia&utm_medium=listing&utm_campaign=bahlen_listing_zillowtrulia_lighthouse"",""state"":""CA"",""mlong"":""-122.049"",""cnty"":""Alameda"",""prange"":""1-1_499m"",""zip"":""94560"",""mlat"":""37.5197"",""plid"":""29498"",""z_listing_image_url"":""https://photos.zillowstatic.com/p_d/IS7ilmvq8zhrfs1000000000.jpg"",""zusr"":""true"",""price_band"":""z1m"",""yrblt"":""2010-2019"",""zestimate"":""1014876"",""premieragent"":""no"",""builderChatId"":""11527-814440"",""dma"":""37""}}","null","null","null","null"
"1572900660-1579","https://www.zillow.com/homes/newark-ca_rb/","","https://www.zillow.com/homedetails/37045-San-Antonio-St-Newark-CA-94560/24928033_zpid/","Newark, CA 94560","Pre-foreclosure","37045 San Antonio St,","","","3","https://www.zillow.com/newark-ca/3_p/","null","3","null","$805,176","$805,176","Single Family","1954","No Data","No Data","Single Family","6,840 sqft","null","4","4","6","No Data","null","null","null","null"
"1572900862-1794","https://www.zillow.com/homes/newark-ca_rb/","","https://www.zillow.com/community/camellia-at-sanctuary-village/2082315002_zpid/","Newark, CA 94560","New construction","Buildable plan: Residence 2, Camellia at Sanctuary Village,","","","","","3,679","4","5","$1,644,998","$1,644,990","Single Family","2019","No Data","No Data","Single Family","No Data","null","9","4","6","No Data","null","null","null","null"
"1572900678-1601","https://www.zillow.com/homes/newark-ca_rb/","","https://www.zillow.com/homedetails/36583-Mulberry-St-Newark-CA-94560/24921046_zpid/","Newark, CA 94560","Pre-foreclosure","36583 Mulberry St,","2","https://www.zillow.com/newark-ca/2_p/","","","null","3","null","$637,906","$637,906","Single Family","1952","No Data","No Data","Single Family","7,500 sqft","null","3","4","6","{""targetDiv"":""gpt-ad-657d0ad2-effd-401f-8ba0-7f5f14368a33"",""slot"":""zillow/property_details/buy_foreclosure/rtt_main_p1"",""network"":""7449"",""sizes"":[""fluid""],""defer_ad"":true,""explicit_defer_ad"":false,""defer_target_frame"":false,""targets"":{""aamgnrc1"":""36583 Mulberry St"",""bd"":""3"",""city"":""Newark"",""proptp"":""sfh"",""pid"":""24921046"",""lot"":""2"",""zestibuck"":""700-799k"",""listtp"":""buy_foreclosure"",""zguidh"":""-544633340293498186"",""sqftrange"":""500-999"",""price"":""733226"",""sqft"":""984"",""posting_url"":"""",""mlong"":""-122.040034"",""state"":""CA"",""park"":""yes"",""prange"":""700-799k"",""zip"":""94560"",""mlat"":""37.534249"",""z_listing_image_url"":"""",""zusr"":""true"",""price_band"":""z700"",""yrblt"":""1940-1959"",""zestimate"":""733226"",""premieragent"":""no""}}","null","null","null","null"
"1572900845-1780","https://www.zillow.com/homes/newark-ca_rb/","","https://www.zillow.com/community/lighthouse/2082743744_zpid/","Newark, CA 94560","New construction","Buildable plan: Residence 3, Lighthouse,","","","","","2,018","4","4","$1,084,319","$1,095,880","Townhouse","2019","No Data","No Data","Townhouse","No Data","null","3","4","6","{""targetDiv"":""gpt-ad-8322139c-a717-4830-b5b8-25ffca97e7c1"",""slot"":""zillow/property_details/buy_builder_community/rtt_main_p1"",""network"":""7449"",""sizes"":[""fluid""],""defer_ad"":true,""explicit_defer_ad"":false,""defer_target_frame"":false,""targets"":{""aamgnrc2"":"" QH3GL0"",""aamgnrc1"":""37533 Willow St"",""bd"":""4"",""fsbid"":""11527"",""city"":""Newark"",""proptp"":""twn"",""pid"":""2082743744"",""zestibuck"":""1-1_499m"",""listtp"":""buy_builder_community"",""zguidh"":""1805368842246238228"",""sqftrange"":""2000-2499"",""price"":""1095880"",""sqft"":""2018"",""posting_url"":""http://www.lennar.com/new-homes/california/san-francisco-bay-area/newark/lighthouse?utm_source=zillowtrulia&utm_medium=listing&utm_campaign=bahlen_listing_zillowtrulia_lighthouse"",""state"":""CA"",""mlong"":""-122.049"",""cnty"":""Alameda"",""prange"":""1-1_499m"",""zip"":""94560"",""mlat"":""37.5197"",""plid"":""29498"",""z_listing_image_url"":""https://photos.zillowstatic.com/p_d/ISfonydxc7qofs1000000000.jpg"",""zusr"":""true"",""price_band"":""z1m"",""yrblt"":""2010-2019"",""zestimate"":""1084319"",""premieragent"":""no"",""builderChatId"":""11527-814440"",""dma"":""37""}}","null","null","null","null"
"1572900798-1744","https://www.zillow.com/homes/newark-ca_rb/","","https://www.zillow.com/homedetails/5665-Arbutus-Ct-Newark-CA-94560/24929517_zpid/","Newark, CA 94560","For sale","5665 Arbutus Ct,","","","","","1,347","3","2","$999,121","$989,999","Single Family","1971","Forced air","Central","Single Family","8,394 sqft","$3,295/mo","null","null","null","No Data","null","null","null","null"
"1572900865-1798","https://www.zillow.com/homes/newark-ca_rb/","","https://www.zillow.com/homedetails/37139-Edith-St-Newark-CA-94560/24928095_zpid/","Newark, CA 94560","Coming soon: Nov 16.","37139 Edith St,","","","","","1,006","3","1","$787,968","$749,888","Single Family","1958","Forced air","Central","Single Family","6,000 sqft","$2,950/mo","4","4","6","No Data","null","null","null","null"
"1572900876-1807","https://www.zillow.com/homes/newark-ca_rb/","","https://www.zillow.com/homedetails/7234-Dumas-Pl-Newark-CA-94560/24922641_zpid/","Newark, CA 94560","For sale","7234 Dumas Pl,","","","","","1,134","3","2","$813,959","$798,000","Single Family","1963","Forced air","No Data","Single Family","9,178 sqft","$3,100/mo","4","4","6","{""targetDiv"":""gpt-ad-f6c9d1a3-1f2a-48d3-adbf-164479eef2c0"",""slot"":""zillow/property_details/buy_agent/rtt_main_p1"",""network"":""7449"",""sizes"":[""fluid""],""defer_ad"":true,""explicit_defer_ad"":false,""defer_target_frame"":false,""targets"":{""aamgnrc1"":""7234 Dumas Pl"",""bd"":""3"",""fsbid"":""14106"",""city"":""Newark"",""proptp"":""sfh"",""pid"":""24922641"",""lot"":""2"",""zestibuck"":""800-899k"",""listtp"":""buy_agent"",""zguidh"":""6289820010814506109"",""sqftrange"":""1000-1499"",""price"":""798000"",""sqft"":""1134"",""posting_url"":"""",""mlong"":""-122.045083"",""state"":""CA"",""park"":""yes"",""prange"":""700-799k"",""zip"":""94560"",""mlat"":""37.535"",""z_listing_image_url"":""https://photos.zillowstatic.com/p_d/ISf8nn41045a9u1000000000.jpg"",""zusr"":""true"",""price_band"":""z800"",""yrblt"":""1960-1969"",""zestimate"":""813959"",""premieragent"":""no""}}","null","null","null","null"
"1572900766-1709","https://www.zillow.com/homes/newark-ca_rb/","","https://www.zillow.com/homedetails/8523-Preserve-Ave-Newark-CA-94560/241575686_zpid/","Newark, CA 94560","For sale","8523 Preserve Ave,","","","","","1,886","4","3","$1,039,409","$1,048,000","Single Family","2017","Forced air","Central","Single Family","2,151 sqft","$3,750/mo","3","4","6","{""targetDiv"":""gpt-ad-26dbc98d-8a25-4bb3-a770-d5891c2d6cbf"",""slot"":""zillow/property_details/buy_agent/rtt_main_p1"",""network"":""7449"",""sizes"":[""fluid""],""defer_ad"":true,""explicit_defer_ad"":false,""defer_target_frame"":false,""targets"":{""aamgnrc1"":""8523 Preserve Ave"",""bd"":""4"",""fsbid"":""16701"",""city"":""Newark"",""proptp"":""sfh"",""pid"":""241575686"",""lot"":""1"",""zestibuck"":""1-1_499m"",""listtp"":""buy_agent"",""zguidh"":""-7689200041474570703"",""sqftrange"":""1500-1999"",""price"":""1048000"",""sqft"":""1886"",""posting_url"":"""",""mlong"":""-122.048746"",""state"":""CA"",""park"":""yes"",""prange"":""1-1_499m"",""zip"":""94560"",""mlat"":""37.51796"",""z_listing_image_url"":""https://photos.zillowstatic.com/p_d/ISfcacyf0ld8ai1000000000.jpg"",""zusr"":""true"",""price_band"":""z1m"",""yrblt"":""2010-2019"",""zestimate"":""1039409"",""premieragent"":""no""}}","null","null","null","null"
"1572900700-1631","https://www.zillow.com/homes/newark-ca_rb/","","https://www.zillow.com/homedetails/39588-Tomcod-St-Fremont-CA-94538/2083403650_zpid/","Fremont, CA 94538","New construction","39588 Tomcod St,","2","https://www.zillow.com/newark-ca/2_p/","","","3,356","5","5","$1,496,273","$1,524,234","Single Family","2019","No Data","No Data","Single Family","No Data","null","9","4","6","{""targetDiv"":""gpt-ad-cc59c6f9-569d-41f2-b201-fbb27ba9eab6"",""slot"":""zillow/property_details/buy_builder_community/rtt_main_p1"",""network"":""7449"",""sizes"":[""fluid""],""defer_ad"":true,""explicit_defer_ad"":false,""defer_target_frame"":false,""targets"":{""aamgnrc1"":""39588 Tomcod St"",""bd"":""5"",""fsbid"":""14581"",""city"":""Fremont"",""proptp"":""sfh"",""pid"":""2083403650"",""zestibuck"":""1-1_499m"",""listtp"":""buy_builder_community"",""stale"":""yes"",""zguidh"":""1805368842246238228"",""sqftrange"":""3000-3499"",""price"":""1524234"",""sqft"":""3356"",""posting_url"":""https://landseahomes.com/skylark-sanctuary-village/skylark-plan-two?utm_medium=newhomefeed&utm_source=zillow%2Fpaid_network&nhf_channel=6&nhf_listing_id=572329&nhf_listing_type=plan&utm_term=plan_SkylarkPlanTwo&utm_campaign=Fremont%2FCA"",""state"":""CA"",""mlong"":""-121.999444"",""cnty"":""Alameda"",""prange"":""1_5-1_999m"",""zip"":""94538"",""mlat"":""37.513056"",""plid"":""26146367"",""z_listing_image_url"":""https://photos.zillowstatic.com/p_d/ISzj1ip3gembb00000000000.jpg"",""zusr"":""true"",""price_band"":""z1m"",""yrblt"":""2010-2019"",""zestimate"":""1496273"",""premieragent"":""no"",""builderChatId"":""14581-817871"",""dma"":""37""}}","null","null","null","null"
"1572900716-1646","https://www.zillow.com/homes/newark-ca_rb/","","https://www.zillow.com/homedetails/6633-Rochelle-Ave-Newark-CA-94560/24923961_zpid/","Newark, CA 94560","For sale","6633 Rochelle Ave,","2","https://www.zillow.com/newark-ca/2_p/","","","1,657","4","3","$973,366","$999,000","Single Family","1963","Forced air","None","Single Family","6,398 sqft","$3,290/mo","4","4","6","{""targetDiv"":""gpt-ad-cd5bec89-6418-43f3-8634-b8ad14bcc3e6"",""slot"":""zillow/property_details/buy_agent/rtt_main_p1"",""network"":""7449"",""sizes"":[""fluid""],""defer_ad"":true,""explicit_defer_ad"":false,""defer_target_frame"":false,""targets"":{""aamgnrc1"":""6633 Rochelle Ave"",""bd"":""4"",""fsbid"":""14106"",""city"":""Newark"",""proptp"":""sfh"",""pid"":""24923961"",""lot"":""2"",""zestibuck"":""900-999k"",""listtp"":""buy_agent"",""stale"":""yes"",""zguidh"":""-7634948236622206380"",""sqftrange"":""1500-1999"",""price"":""999000"",""sqft"":""1657"",""posting_url"":"""",""mlong"":""-122.046442"",""state"":""CA"",""park"":""yes"",""prange"":""900-999k"",""zip"":""94560"",""mlat"":""37.540786"",""z_listing_image_url"":""https://photos.zillowstatic.com/p_d/ISe83caqr58hye0000000000.jpg"",""zusr"":""true"",""price_band"":""z900"",""yrblt"":""1960-1969"",""zestimate"":""973366"",""premieragent"":""no""}}","null","null","null","null"
"1572900872-1803","https://www.zillow.com/homes/newark-ca_rb/","","https://www.zillow.com/homedetails/6043-Joaquin-Murieta-Ave-APT-K-Newark-CA-94560/25060558_zpid/","Newark, CA 94560","For sale","6043 Joaquin Murieta Ave APT K,","","","","","1,045","2","1","$489,002","$489,000","Condo","1984","Forced air","None","Condo","$442/month","$2,550/mo","9","4","6","No Data","null","null","null","null"
"1572900810-1752","https://www.zillow.com/homes/newark-ca_rb/","","https://www.zillow.com/homedetails/36374-Bettencourt-St-Newark-CA-94560/24922969_zpid/","Newark, CA 94560","For sale","36374 Bettencourt St,","","","","","1,904","4","2","$781,930","$899,000","Single Family","1969","Forced air","Central","Single Family","8,925 sqft","$3,350/mo","8","4","6","No Data","null","null","null","null"
"1572900695-1623","https://www.zillow.com/homes/newark-ca_rb/","","https://www.zillow.com/homedetails/39464-Dragonfly-St-Newark-CA-94560/2083471832_zpid/","Newark, CA 94560","New construction","39464 Dragonfly St,","2","https://www.zillow.com/newark-ca/2_p/","","","3,679","4","5","$1,718,098","$1,735,169","Single Family","2019","No Data","No Data","Single Family","No Data","null","9","4","6","{""targetDiv"":""gpt-ad-db26d2dd-ba4b-4b5a-9a5e-405db00eb629"",""slot"":""zillow/property_details/buy_builder_community/rtt_main_p1"",""network"":""7449"",""sizes"":[""fluid""],""defer_ad"":true,""explicit_defer_ad"":false,""defer_target_frame"":false,""targets"":{""aamgnrc1"":""39464 Dragonfly St"",""bd"":""4"",""fsbid"":""12653"",""city"":""Newark"",""proptp"":""sfh"",""pid"":""2083471832"",""zestibuck"":""1_5-1_999m"",""listtp"":""buy_builder_community"",""stale"":""yes"",""zguidh"":""1805368842246238228"",""sqftrange"":""3500-3999"",""price"":""1735169"",""sqft"":""3679"",""posting_url"":""http://www.drhorton.com/california/bay-area/newark/camellia-at-sanctuary-village/qmis/39464-dragonfly-street.aspx"",""state"":""CA"",""mlong"":""-121.996"",""cnty"":""San_Mateo"",""prange"":""1_5-1_999m"",""zip"":""94560"",""mlat"":""37.5134"",""plid"":""14513931"",""z_listing_image_url"":""https://photos.zillowstatic.com/p_d/IS3r9g41grl5tc0000000000.jpg"",""zusr"":""true"",""price_band"":""z1m"",""hood"":""St._Francis"",""yrblt"":""2010-2019"",""zestimate"":""1718098"",""premieragent"":""no"",""builderChatId"":""12653-812008"",""dma"":""37""}}","null","null","null","null"
"1572900712-1643","https://www.zillow.com/homes/newark-ca_rb/","","https://www.zillow.com/homedetails/6306-Joaquin-Murieta-Ave-282C-Newark-CA-94560/25060400_zpid/","Newark, CA 94560","For sale","6306 Joaquin Murieta Ave # 282C,","2","https://www.zillow.com/newark-ca/2_p/","","","1,112","2","2","$594,943","$680,000","Condo","1982","Gas","None","Condo","$435/month","$2,650/mo","9","4","6","{""targetDiv"":""gpt-ad-217f1fa5-3fda-41bb-b31c-62de2813559f"",""slot"":""zillow/property_details/buy_agent/rtt_main_p1"",""network"":""7449"",""sizes"":[""fluid""],""defer_ad"":true,""explicit_defer_ad"":false,""defer_target_frame"":false,""targets"":{""aamgnrc2"":"" 282C"",""aamgnrc1"":""6306 Joaquin Murieta Ave"",""bd"":""2"",""fsbid"":""35"",""city"":""Newark"",""proptp"":""cnd"",""pid"":""25060400"",""lot"":""8"",""zestibuck"":""500-599k"",""listtp"":""buy_agent"",""stale"":""yes"",""zguidh"":""-6617191321875478960"",""sqftrange"":""1000-1499"",""price"":""680000"",""sqft"":""1112"",""posting_url"":""http://www.kw.com/homes-for-sale/94560/CA/NEWARK/6306--Joaquin-Murieta-AVE-282C/3yd-MLSLCA-ML81760212.html"",""mlong"":""-122.000082"",""state"":""CA"",""prange"":""600-699k"",""zip"":""94560"",""mlat"":""37.517837"",""z_listing_image_url"":""https://photos.zillowstatic.com/p_d/ISbtkomm9orgxk1000000000.jpg"",""zusr"":""true"",""price_band"":""z500"",""yrblt"":""1980-1989"",""zestimate"":""594943"",""premieragent"":""no""}}","null","null","null","null"
"1572900793-1739","https://www.zillow.com/homes/newark-ca_rb/","","https://www.zillow.com/homedetails/6203-Joaquin-Murieta-Ave-APT-D-Newark-CA-94560/25060303_zpid/","Newark, CA 94560","For sale","6203 Joaquin Murieta Ave APT D,","","","","","1,357","2","2","null","$649,888","Condo","1981","Forced air","Other","Condo","$460/month","$2,800/mo","9","4","6","No Data","null","null","null","null"
"1572900756-1697","https://www.zillow.com/homes/newark-ca_rb/","","https://www.zillow.com/homedetails/6185-Broadway-Ave-Newark-CA-94560/24928577_zpid/","Newark, CA 94560","Pre-foreclosure","6185 Broadway Ave,","","","","","null","4","null","$802,407","$802,407","Single Family","1979","No Data","No Data","Single Family","6,652 sqft","null","6","4","6","{""targetDiv"":""gpt-ad-57590838-68d4-49f8-b973-d5e60dd69f87"",""slot"":""zillow/property_details/buy_foreclosure/rtt_main_p1"",""network"":""7449"",""sizes"":[""fluid""],""defer_ad"":true,""explicit_defer_ad"":false,""defer_target_frame"":false,""targets"":{""zip"":""94560"",""aamgnrc1"":""6185 Broadway Ave"",""mlat"":""37.532714"",""bd"":""4"",""z_listing_image_url"":"""",""zusr"":""true"",""city"":""Newark"",""proptp"":""sfh"",""pid"":""24928577"",""price_band"":""z900"",""yrblt"":""1970-1979"",""zestimate"":""922308"",""lot"":""2"",""zestibuck"":""900-999k"",""listtp"":""buy_foreclosure"",""zguidh"":""-6830523853917155442"",""premieragent"":""no"",""sqftrange"":""1500-1999"",""price"":""922308"",""sqft"":""1544"",""posting_url"":"""",""mlong"":""-122.02525"",""state"":""CA"",""prange"":""900-999k""}}","null","null","null","null"
"1572900762-1704","https://www.zillow.com/homes/newark-ca_rb/","","https://www.zillow.com/homedetails/6259-Radcliffe-Ave-Newark-CA-94560/24924614_zpid/","Newark, CA 94560","Pre-foreclosure / auction","6259 Radcliffe Ave,","","","","","null","3","null","$700,331","$700,331","Single Family","1962","No Data","No Data","Single Family","6,000 sqft","null","3","4","6","{""targetDiv"":""gpt-ad-7567704f-5ac7-4c85-86a2-e869649c6628"",""slot"":""zillow/property_details/buy_foreclosure/rtt_main_p1"",""network"":""7449"",""sizes"":[""fluid""],""defer_ad"":true,""explicit_defer_ad"":false,""defer_target_frame"":false,""targets"":{""aamgnrc1"":""6259 Radcliffe Ave"",""bd"":""3"",""city"":""Newark"",""proptp"":""sfh"",""pid"":""24924614"",""lot"":""2"",""zestibuck"":""800-899k"",""listtp"":""buy_foreclosure"",""zguidh"":""6926179091220493602"",""sqftrange"":""1000-1499"",""price"":""804979"",""sqft"":""1232"",""posting_url"":"""",""mlong"":""-122.03963"",""state"":""CA"",""park"":""yes"",""prange"":""800-899k"",""zip"":""94560"",""mlat"":""37.540885"",""z_listing_image_url"":"""",""zusr"":""true"",""price_band"":""z800"",""yrblt"":""1960-1969"",""zestimate"":""804979"",""premieragent"":""no""}}","null","null","null","null"
"1572900826-1764","https://www.zillow.com/homes/newark-ca_rb/","","https://www.zillow.com/homedetails/37169-Birch-St-Newark-CA-94560/24928270_zpid/","Newark, CA 94560","For sale","37169 Birch St,","","","","","956","2","1","$731,642","$719,000","Single Family","1948","Forced air","Central","Single Family","6,812 sqft","$2,650/mo","6","4","6","No Data","null","null","null","null"
"1572900892-1820","https://www.zillow.com/homes/newark-ca_rb/","","https://www.zillow.com/community/camellia-at-sanctuary-village/2082315001_zpid/","Newark, CA 94560","New construction","Buildable plan: Residence 1, Camellia at Sanctuary Village,","","","","","3,490","4","5","$1,615,000","$1,614,990","Single Family","2019","No Data","No Data","Single Family","No Data","null","9","4","6","{""targetDiv"":""gpt-ad-98d07089-d170-4f43-a694-cddbfb5311e8"",""slot"":""zillow/property_details/buy_builder_community/rtt_main_p1"",""network"":""7449"",""sizes"":[""fluid""],""defer_ad"":true,""explicit_defer_ad"":false,""defer_target_frame"":false,""targets"":{""aamgnrc2"":"" GIE8NJ"",""aamgnrc1"":""6509 Purple Crab Dr"",""bd"":""4"",""fsbid"":""12653"",""city"":""Newark"",""proptp"":""sfh"",""pid"":""2082315001"",""zestibuck"":""1_5-1_999m"",""listtp"":""buy_builder_community"",""zguidh"":""1805368842246238228"",""sqftrange"":""3000-3499"",""price"":""1614990"",""sqft"":""3490"",""posting_url"":""http://www.drhorton.com/california/bay-area/newark/camellia-at-sanctuary-village/floor-plans/0001.aspx"",""state"":""CA"",""mlong"":""-121.996"",""cnty"":""Alameda"",""prange"":""1_5-1_999m"",""zip"":""94560"",""mlat"":""37.5134"",""plid"":""14513931"",""z_listing_image_url"":""https://photos.zillowstatic.com/p_d/ISjb85capf8w5m0000000000.jpg"",""zusr"":""true"",""price_band"":""z1m"",""yrblt"":""2010-2019"",""zestimate"":""1615000"",""premieragent"":""no"",""builderChatId"":""12653-812008"",""dma"":""37""}}","null","null","null","null"
"1572900703-1633","https://www.zillow.com/homes/newark-ca_rb/","","https://www.zillow.com/homedetails/39959-Waxwing-Newark-CA-94560/2082765450_zpid/","Newark, CA 94560","New construction","39959 Waxwing,","2","https://www.zillow.com/newark-ca/2_p/","","","2,299","4","3","$1,372,614","$1,387,514","Single Family","2019","No Data","No Data","Single Family","No Data","null","9","4","6","{""targetDiv"":""gpt-ad-a35e1ff4-320e-4be8-8d75-7243e4b64c82"",""slot"":""zillow/property_details/buy_builder_community/rtt_main_p1"",""network"":""7449"",""sizes"":[""fluid""],""defer_ad"":true,""explicit_defer_ad"":false,""defer_target_frame"":false,""targets"":{""aamgnrc1"":""39959 Waxwing"",""bd"":""4"",""fsbid"":""13081"",""city"":""Newark"",""proptp"":""sfh"",""pid"":""2082765450"",""zestibuck"":""1-1_499m"",""listtp"":""buy_builder_community"",""zguidh"":""1805368842246238228"",""sqftrange"":""2000-2499"",""price"":""1387514"",""sqft"":""2299"",""posting_url"":""https://www.kbhome.com/new-homes-south-bay/primrose-at-sanctuary-village/plan-2-modeled?utm_source=zillowgroup&utm_medium=listing&utm_floorPlanID=00650206-236.2299"",""state"":""CA"",""mlong"":""-121.995374"",""cnty"":""Alameda"",""prange"":""1-1_499m"",""zip"":""94560"",""mlat"":""37.512673"",""plid"":""14453808"",""z_listing_image_url"":""https://photos.zillowstatic.com/p_d/IS7y1eskl1t1te1000000000.jpg"",""zusr"":""true"",""price_band"":""z1m"",""yrblt"":""2010-2019"",""zestimate"":""1372614"",""premieragent"":""no"",""builderChatId"":""13081-805179"",""dma"":""37""}}","null","null","null","null"
"1572900723-1654","https://www.zillow.com/homes/newark-ca_rb/","","https://www.zillow.com/homedetails/7634-Thornton-Ave-Newark-CA-94560/24921797_zpid/","Newark, CA 94560","For sale","7634 Thornton Ave,","2","https://www.zillow.com/newark-ca/2_p/","","","1,040","2","1","$789,045","$770,000","Single Family","1900","Forced air","None","Single Family","6,250 sqft","$2,850/mo","3","4","6","{""targetDiv"":""gpt-ad-666d3e63-dcc6-4ca8-8b09-10018de4d0ce"",""slot"":""zillow/property_details/buy_agent/rtt_main_p1"",""network"":""7449"",""sizes"":[""fluid""],""defer_ad"":true,""explicit_defer_ad"":false,""defer_target_frame"":false,""targets"":{""aamgnrc1"":""7634 Thornton Ave"",""bd"":""2"",""fsbid"":""14106"",""city"":""Newark"",""proptp"":""sfh"",""pid"":""24921797"",""lot"":""2"",""zestibuck"":""700-799k"",""listtp"":""buy_agent"",""zguidh"":""4522978901434054346"",""sqftrange"":""1000-1499"",""price"":""770000"",""sqft"":""1040"",""posting_url"":"""",""mlong"":""-122.041249"",""state"":""CA"",""park"":""yes"",""prange"":""700-799k"",""zip"":""94560"",""mlat"":""37.528757"",""z_listing_image_url"":""https://photos.zillowstatic.com/p_d/ISr900ssbn7vw51000000000.jpg"",""zusr"":""true"",""price_band"":""z700"",""yrblt"":""1900-1919"",""zestimate"":""789045"",""premieragent"":""no""}}","null","null","null","null"
"1572900818-1759","https://www.zillow.com/homes/newark-ca_rb/","","https://www.zillow.com/homedetails/6230-Rockrose-Dr-Newark-CA-94560/24929122_zpid/","Newark, CA 94560","For sale","6230 Rockrose Dr,","","","","","1,555","3","2","$1,040,227","$1,025,000","Single Family","1963","Forced air","Central","Single Family","7,487 sqft","$3,300/mo","9","4","6","No Data","null","null","null","null"
"1572900855-1790","https://www.zillow.com/homes/newark-ca_rb/","","https://www.zillow.com/community/lighthouse/2082743743_zpid/","Newark, CA 94560","New construction","Buildable plan: Residence 4, Lighthouse,","","","","","2,109","4","4","$1,098,156","$1,109,880","Townhouse","2019","No Data","No Data","Townhouse","No Data","null","3","4","6","{""targetDiv"":""gpt-ad-b2a3ef26-82f7-4824-9b41-d9179f82b165"",""slot"":""zillow/property_details/buy_builder_community/rtt_main_p1"",""network"":""7449"",""sizes"":[""fluid""],""defer_ad"":true,""explicit_defer_ad"":false,""defer_target_frame"":false,""targets"":{""aamgnrc2"":"" QHN96E"",""aamgnrc1"":""37533 Willow St"",""bd"":""4"",""fsbid"":""11527"",""city"":""Newark"",""proptp"":""twn"",""pid"":""2082743743"",""zestibuck"":""1-1_499m"",""listtp"":""buy_builder_community"",""zguidh"":""1805368842246238228"",""sqftrange"":""2000-2499"",""price"":""1109880"",""sqft"":""2109"",""posting_url"":""http://www.lennar.com/new-homes/california/san-francisco-bay-area/newark/lighthouse?utm_source=zillowtrulia&utm_medium=listing&utm_campaign=bahlen_listing_zillowtrulia_lighthouse"",""state"":""CA"",""mlong"":""-122.049"",""cnty"":""Alameda"",""prange"":""1-1_499m"",""zip"":""94560"",""mlat"":""37.5197"",""plid"":""29498"",""z_listing_image_url"":""https://photos.zillowstatic.com/p_d/ISnupaw3hfylfs1000000000.jpg"",""zusr"":""true"",""price_band"":""z1m"",""yrblt"":""2010-2019"",""zestimate"":""1098156"",""premieragent"":""no"",""builderChatId"":""11527-814440"",""dma"":""37""}}","null","null","null","null"
"1572900829-1767","https://www.zillow.com/homes/newark-ca_rb/","","https://www.zillow.com/homedetails/39843-Cedar-Blvd-UNIT-224-Newark-CA-94560/25061377_zpid/","Newark, CA 94560","For sale","39843 Cedar Blvd UNIT 224,","","","","","1,071","2","2","$545,117","$545,000","Condo","1986","Forced air","None","Condo","$377/month","$2,650/mo","9","4","6","{""targetDiv"":""gpt-ad-dff2efa2-dacd-4806-960a-dec777d23d24"",""slot"":""zillow/property_details/buy_agent/rtt_main_p1"",""network"":""7449"",""sizes"":[""fluid""],""defer_ad"":true,""explicit_defer_ad"":false,""defer_target_frame"":false,""targets"":{""aamgnrc2"":""Unit 224"",""aamgnrc1"":""39843 Cedar Blvd"",""bd"":""2"",""fsbid"":""15263"",""city"":""Newark"",""proptp"":""cnd"",""pid"":""25061377"",""lot"":""8"",""zestibuck"":""500-599k"",""listtp"":""buy_agent"",""zguidh"":""107910874241213318"",""sqftrange"":""1000-1499"",""price"":""545000"",""sqft"":""1071"",""posting_url"":"""",""mlong"":""-121.995291"",""state"":""CA"",""prange"":""500-599k"",""zip"":""94560"",""mlat"":""37.519248"",""z_listing_image_url"":""https://photos.zillowstatic.com/p_d/ISjzmsujhyse7g0000000000.jpg"",""zusr"":""true"",""price_band"":""z500"",""yrblt"":""1980-1989"",""zestimate"":""545117"",""premieragent"":""no""}}","null","null","null","null"
"1572900751-1690","https://www.zillow.com/homes/newark-ca_rb/","","https://www.zillow.com/homedetails/36839-Locust-St-Newark-CA-94560/24921591_zpid/","Newark, CA 94560","For sale by owner","36839 Locust St,","","","","","1,398","3","1","$800,291","$898,000","Single Family","1953","No Data","No Data","Single Family","7,500 sqft","$3,100/mo","3","4","6","{""targetDiv"":""gpt-ad-02da8a5e-2793-4a78-93f3-d0f4a43b97b5"",""slot"":""zillow/property_details/buy_owner/rtt_main_p1"",""network"":""7449"",""sizes"":[""fluid""],""defer_ad"":true,""explicit_defer_ad"":false,""defer_target_frame"":false,""targets"":{""aamgnrc1"":""36839 Locust St"",""bd"":""3"",""city"":""Newark"",""proptp"":""sfh"",""pid"":""24921591"",""lot"":""2"",""zestibuck"":""800-899k"",""listtp"":""buy_owner"",""zguidh"":""-7532380165482225195"",""sqftrange"":""1000-1499"",""price"":""898000"",""sqft"":""1398"",""posting_url"":"""",""mlong"":""-122.044307"",""state"":""CA"",""park"":""yes"",""prange"":""800-899k"",""zip"":""94560"",""mlat"":""37.52949"",""z_listing_image_url"":""https://photos.zillowstatic.com/p_d/ISrdrfpvnrbjj70000000000.jpg"",""zusr"":""true"",""price_band"":""z800"",""yrblt"":""1940-1959"",""zestimate"":""800291"",""premieragent"":""no""}}","null","null","null","null"
"1572900878-1808","https://www.zillow.com/homes/newark-ca_rb/","","https://www.zillow.com/community/skylark-at-sanctuary-village/2082605866_zpid/","Fremont, CA 94538","New construction","Buildable plan: Skylark Plan Two, Skylark at Sanctuary Village,","","","","","3,356","5","5","$1,508,980","$1,509,000","Single Family","2019","No Data","No Data","Single Family","No Data","null","9","4","6","{""targetDiv"":""gpt-ad-33b54e32-69cb-41f9-abac-b7b55dc249ca"",""slot"":""zillow/property_details/buy_builder_community/rtt_main_p1"",""network"":""7449"",""sizes"":[""fluid""],""defer_ad"":true,""explicit_defer_ad"":false,""defer_target_frame"":false,""targets"":{""aamgnrc2"":"" Q2MQIX"",""aamgnrc1"":""39514 S Darner Dr"",""bd"":""5"",""fsbid"":""14581"",""city"":""Fremont"",""proptp"":""sfh"",""pid"":""2082605866"",""zestibuck"":""1_5-1_999m"",""listtp"":""buy_builder_community"",""zguidh"":""1805368842246238228"",""sqftrange"":""3000-3499"",""price"":""1509000"",""sqft"":""3356"",""posting_url"":""https://landseahomes.com/skylark-sanctuary-village/skylark-plan-two?utm_medium=newhomefeed&utm_source=zillow%2Fpaid_network&nhf_channel=6&nhf_listing_id=572329&nhf_listing_type=plan&utm_term=plan_SkylarkPlanTwo&utm_campaign=Fremont%2FCA"",""state"":""CA"",""mlong"":""-121.999444"",""cnty"":""Alameda"",""prange"":""1_5-1_999m"",""zip"":""94538"",""mlat"":""37.513056"",""plid"":""26146367"",""z_listing_image_url"":""https://photos.zillowstatic.com/p_d/ISjrczi0o8qj400000000000.jpg"",""zusr"":""true"",""price_band"":""z1m"",""yrblt"":""2010-2019"",""zestimate"":""1508980"",""premieragent"":""no"",""builderChatId"":""14581-817871"",""dma"":""37""}}","null","null","null","null"
"1572900868-1799","https://www.zillow.com/homes/newark-ca_rb/","","https://www.zillow.com/homedetails/6609-Flanders-Dr-Newark-CA-94560/24924527_zpid/","Newark, CA 94560","For sale","6609 Flanders Dr,","","","","","1,230","3","2","$725,641","$700,000","Single Family","1962","Forced air","None","Single Family","6,960 sqft","$3,000/mo","4","4","6","{""targetDiv"":""gpt-ad-0fb9dcd7-ea8a-42c6-9ca0-5434c9f12eed"",""slot"":""zillow/property_details/buy_agent/rtt_main_p1"",""network"":""7449"",""sizes"":[""fluid""],""defer_ad"":true,""explicit_defer_ad"":false,""defer_target_frame"":false,""targets"":{""aamgnrc1"":""6609 Flanders Dr"",""bd"":""3"",""fsbid"":""15050"",""city"":""Newark"",""proptp"":""sfh"",""pid"":""24924527"",""lot"":""2"",""zestibuck"":""700-799k"",""listtp"":""buy_agent"",""zguidh"":""-2516416082132943448"",""sqftrange"":""1000-1499"",""price"":""700000"",""sqft"":""1230"",""posting_url"":"""",""mlong"":""-122.0536"",""state"":""CA"",""park"":""yes"",""prange"":""700-799k"",""zip"":""94560"",""mlat"":""37.54453"",""z_listing_image_url"":""https://photos.zillowstatic.com/p_d/ISvw0rou3lmkly0000000000.jpg"",""zusr"":""true"",""price_band"":""z700"",""yrblt"":""1960-1969"",""zestimate"":""725641"",""premieragent"":""no""}}","null","null","null","null"
"1572900736-1671","https://www.zillow.com/homes/newark-ca_rb/","","https://www.zillow.com/homedetails/39953-Cedar-Blvd-UNIT-225-Newark-CA-94560/25061214_zpid/","Newark, CA 94560","For sale","39953 Cedar Blvd UNIT 225,","","","","","1,071","2","2","null","$529,000","Condo","1985","Forced air","Other","Condo","$375/month","$2,625/mo","9","4","6","{""targetDiv"":""gpt-ad-5a9caec1-22c6-4784-b934-01c499fe330f"",""slot"":""zillow/property_details/buy_agent/rtt_main_p1"",""network"":""7449"",""sizes"":[""fluid""],""defer_ad"":true,""explicit_defer_ad"":false,""defer_target_frame"":false,""targets"":{""aamgnrc2"":""Unit 225"",""aamgnrc1"":""39953 Cedar Blvd"",""bd"":""2"",""fsbid"":""2877"",""city"":""Newark"",""proptp"":""cnd"",""pid"":""25061214"",""zestibuck"":""500-599k"",""listtp"":""buy_agent"",""zguidh"":""6917121747759232602"",""sqftrange"":""1000-1499"",""price"":""529000"",""sqft"":""1071"",""posting_url"":""http://www.coldwellbanker.com/listingdetail/CB44NRZZ/"",""mlong"":""-121.993209"",""state"":""CA"",""prange"":""500-599k"",""zip"":""94560"",""mlat"":""37.518163"",""z_listing_image_url"":""https://photos.zillowstatic.com/p_d/IS7qfrdeh18nyi0000000000.jpg"",""zusr"":""true"",""price_band"":""z500"",""yrblt"":""1980-1989"",""zestimate"":""529055"",""premieragent"":""no""}}","null","null","null","null"
"1572900806-1748","https://www.zillow.com/homes/newark-ca_rb/","","https://www.zillow.com/homedetails/4954-Stafford-Pl-Newark-CA-94560/24925114_zpid/","Newark, CA 94560","For sale","4954 Stafford Pl,","","","","","2,144","4","2","$1,261,518","$1,250,000","Single Family","1968","Forced air","Central","Single Family","6,629 sqft","$3,533/mo","6","4","6","No Data","null","null","null","null"
"1572900681-1605","https://www.zillow.com/homes/newark-ca_rb/","","https://www.zillow.com/homedetails/8096-Juniper-Ave-Newark-CA-94560/24921658_zpid/","Newark, CA 94560","Pre-foreclosure / auction","8096 Juniper Ave,","2","https://www.zillow.com/newark-ca/2_p/","","","null","7","null","$1,214,114","$1,214,114","Single Family","1961","No Data","No Data","Single Family","0.29 acres","null","3","4","6","{""targetDiv"":""gpt-ad-1d651712-679e-4673-aa39-def22c6300ea"",""slot"":""zillow/property_details/buy_foreclosure/rtt_main_p1"",""network"":""7449"",""sizes"":[""fluid""],""defer_ad"":true,""explicit_defer_ad"":false,""defer_target_frame"":false,""targets"":{""aamgnrc1"":""8096 Juniper Ave"",""bd"":""7"",""city"":""Newark"",""proptp"":""sfh"",""pid"":""24921658"",""lot"":""3"",""zestibuck"":""1-1_499m"",""listtp"":""buy_foreclosure"",""zguidh"":""2341041205622417018"",""sqftrange"":""3500-3999"",""price"":""1395534"",""sqft"":""3820"",""posting_url"":"""",""mlong"":""-122.045878"",""state"":""CA"",""park"":""yes"",""prange"":""1-1_499m"",""zip"":""94560"",""mlat"":""37.525737"",""z_listing_image_url"":""https://photos.zillowstatic.com/p_d/IS91z0cc59khlq1000000000.jpg"",""zusr"":""true"",""price_band"":""z1m"",""yrblt"":""1960-1969"",""zestimate"":""1395534"",""premieragent"":""no""}}","null","null","null","null"
"1572900675-1595","https://www.zillow.com/homes/newark-ca_rb/","","https://www.zillow.com/homedetails/36872-Nutmeg-Ct-Newark-CA-94560/24922172_zpid/","Newark, CA 94560","Pre-foreclosure / auction","36872 Nutmeg Ct,","2","https://www.zillow.com/newark-ca/2_p/","","","null","3","null","$812,432","$812,432","Single Family","1973","No Data","No Data","Single Family","7,212 sqft","null","3","4","6","{""targetDiv"":""gpt-ad-492bf6f4-6757-4e0d-b1de-bf11a3fb85f7"",""slot"":""zillow/property_details/buy_foreclosure/rtt_main_p1"",""network"":""7449"",""sizes"":[""fluid""],""defer_ad"":true,""explicit_defer_ad"":false,""defer_target_frame"":false,""targets"":{""aamgnrc1"":""36872 Nutmeg Ct"",""bd"":""3"",""city"":""Newark"",""proptp"":""sfh"",""pid"":""24922172"",""lot"":""2"",""zestibuck"":""900-999k"",""listtp"":""buy_foreclosure"",""zguidh"":""3744077434967145418"",""sqftrange"":""1500-1999"",""price"":""933830"",""sqft"":""1593"",""posting_url"":"""",""mlong"":""-122.048912"",""state"":""CA"",""park"":""yes"",""prange"":""900-999k"",""zip"":""94560"",""mlat"":""37.527825"",""z_listing_image_url"":"""",""zusr"":""true"",""price_band"":""z900"",""yrblt"":""1970-1979"",""zestimate"":""933830"",""premieragent"":""no""}}","null","null","null","null"
"1572900727-1660","https://www.zillow.com/homes/newark-ca_rb/","","https://www.zillow.com/homedetails/5365-Saint-Mark-Ave-Newark-CA-94560/24928107_zpid/","Newark, CA 94560","For sale","5365 Saint Mark Ave,","2","https://www.zillow.com/newark-ca/2_p/","","","1,114","3","2","$821,896","$838,000","Single Family","1958","Forced air","Central","Single Family","6,398 sqft","$3,000/mo","4","4","6","{""targetDiv"":""gpt-ad-97afa977-564a-4862-bd00-76ae97dcf3dd"",""slot"":""zillow/property_details/buy_agent/rtt_main_p1"",""network"":""7449"",""sizes"":[""fluid""],""defer_ad"":true,""explicit_defer_ad"":false,""defer_target_frame"":false,""targets"":{""aamgnrc1"":""5365 Saint Mark Ave"",""bd"":""3"",""fsbid"":""14106"",""city"":""Newark"",""proptp"":""sfh"",""pid"":""24928107"",""lot"":""2"",""zestibuck"":""800-899k"",""listtp"":""buy_agent"",""stale"":""yes"",""zguidh"":""-7037113212147862935"",""sqftrange"":""1000-1499"",""price"":""838000"",""sqft"":""1114"",""posting_url"":"""",""mlong"":""-122.021964"",""state"":""CA"",""park"":""yes"",""prange"":""800-899k"",""zip"":""94560"",""mlat"":""37.542017"",""z_listing_image_url"":""https://photos.zillowstatic.com/p_d/ISrxu3us7sexy21000000000.jpg"",""zusr"":""true"",""price_band"":""z800"",""yrblt"":""1940-1959"",""zestimate"":""821896"",""premieragent"":""no""}}","null","null","null","null"
"1572900731-1663","https://www.zillow.com/homes/newark-ca_rb/","","https://www.zillow.com/homedetails/36207-Colbert-Pl-Newark-CA-94560/24922592_zpid/","Newark, CA 94560","For sale","36207 Colbert Pl,","2","https://www.zillow.com/newark-ca/2_p/","","","1,230","3","2","$815,124","$780,000","Single Family","1962","Forced air","Other, None","Single Family","8,254 sqft","$3,100/mo","4","4","6","{""targetDiv"":""gpt-ad-5e9b4745-adb5-4497-9c55-fc0e0b7c4b52"",""slot"":""zillow/property_details/buy_agent/rtt_main_p1"",""network"":""7449"",""sizes"":[""fluid""],""defer_ad"":true,""explicit_defer_ad"":false,""defer_target_frame"":false,""targets"":{""aamgnrc1"":""36207 Colbert Pl"",""bd"":""3"",""fsbid"":""14106"",""city"":""Newark"",""proptp"":""sfh"",""pid"":""24922592"",""lot"":""2"",""zestibuck"":""800-899k"",""listtp"":""buy_agent"",""zguidh"":""-1317479692631782708"",""sqftrange"":""1000-1499"",""price"":""780000"",""oh"":""yes"",""sqft"":""1230"",""posting_url"":""http://www.Thekristypeixototeam.com"",""mlong"":""-122.046793"",""state"":""CA"",""park"":""yes"",""prange"":""700-799k"",""zip"":""94560"",""mlat"":""37.536844"",""z_listing_image_url"":""https://photos.zillowstatic.com/p_d/ISr5dby1yj3b101000000000.jpg"",""zusr"":""true"",""price_band"":""z800"",""yrblt"":""1960-1969"",""zestimate"":""815124"",""premieragent"":""no""}}","null","null","null","null"
"1572900803-1747","https://www.zillow.com/homes/newark-ca_rb/","","https://www.zillow.com/homedetails/8375-Sandy-Cove-Way-Newark-CA-94560/247104958_zpid/","Newark, CA 94560","For sale","8375 Sandy Cove Way,","","","","","1,841","3","3","$1,050,001","$1,050,000","Single Family","2018","Forced air","Central","Single Family","2,221 sqft","null","3","4","6","{""targetDiv"":""gpt-ad-7af8f0bf-71ae-401d-96d2-d65d21b483e4"",""slot"":""zillow/property_details/buy_agent/rtt_main_p1"",""network"":""7449"",""sizes"":[""fluid""],""defer_ad"":true,""explicit_defer_ad"":false,""defer_target_frame"":false,""targets"":{""aamgnrc1"":""8375 Sandy Cove Way"",""bd"":""3"",""fsbid"":""15050"",""city"":""Newark"",""proptp"":""sfh"",""pid"":""247104958"",""lot"":""1"",""zestibuck"":""1-1_499m"",""listtp"":""buy_agent"",""zguidh"":""7635377504909475119"",""sqftrange"":""1500-1999"",""price"":""1050000"",""sqft"":""1841"",""posting_url"":""http://www.TheGossRealEstateGroup.com"",""mlong"":""-122.041462"",""state"":""CA"",""park"":""yes"",""prange"":""1-1_499m"",""zip"":""94560"",""mlat"":""37.524694"",""z_listing_image_url"":""https://photos.zillowstatic.com/p_d/IS72t18vdm6jsc1000000000.jpg"",""zusr"":""true"",""price_band"":""z1m"",""yrblt"":""2010-2019"",""zestimate"":""1050001"",""premieragent"":""no""}}","null","null","null","null"
"1572900776-1721","https://www.zillow.com/homes/newark-ca_rb/","","https://www.zillow.com/homedetails/6728-Grasshopper-Ave-Newark-CA-94560/2082390721_zpid/","Newark, CA 94560","New construction","6728 Grasshopper Ave,","","","","","3,679","4","5","$1,736,976","$1,750,023","Single Family","2019","No Data","No Data","Single Family","No Data","null","9","4","6","{""targetDiv"":""gpt-ad-624ed37d-7b46-4e4c-bb93-b91f6c6070c1"",""slot"":""zillow/property_details/buy_builder_community/rtt_main_p1"",""network"":""7449"",""sizes"":[""fluid""],""defer_ad"":true,""explicit_defer_ad"":false,""defer_target_frame"":false,""targets"":{""aamgnrc1"":""6728 Grasshopper Ave"",""bd"":""4"",""fsbid"":""12653"",""city"":""Newark"",""proptp"":""sfh"",""pid"":""2082390721"",""zestibuck"":""1_5-1_999m"",""listtp"":""buy_builder_community"",""zguidh"":""1805368842246238228"",""sqftrange"":""3500-3999"",""price"":""1750023"",""sqft"":""3679"",""posting_url"":""http://www.drhorton.com/california/bay-area/newark/camellia-at-sanctuary-village/qmis/6728-grasshopper-avenue.aspx"",""state"":""CA"",""mlong"":""-121.996"",""cnty"":""Santa_Clara"",""prange"":""1_5-1_999m"",""zip"":""94560"",""mlat"":""37.5134"",""plid"":""14513931"",""z_listing_image_url"":""https://photos.zillowstatic.com/p_d/ISn2s9b7acbg4n1000000000.jpg"",""zusr"":""true"",""price_band"":""z1m"",""hood"":""Cuesta_Park"",""yrblt"":""2010-2019"",""zestimate"":""1736976"",""premieragent"":""no"",""builderChatId"":""12653-812008"",""dma"":""37""}}","null","null","null","null"
"1572900655-1573","https://www.zillow.com/homes/newark-ca_rb/","","https://www.zillow.com/homedetails/6171-Broadway-Ave-Newark-CA-94560/24928578_zpid/","Newark, CA 94560","Pre-foreclosure","6171 Broadway Ave,","","","3","https://www.zillow.com/newark-ca/3_p/","null","--","null","$723,944","$723,944","Single Family","1979","No Data","No Data","Single Family","6,574 sqft","null","6","4","6","No Data","null","null","null","null"
"1572900709-1640","https://www.zillow.com/homes/newark-ca_rb/","","https://www.zillow.com/homedetails/6244-Cotton-Ave-Newark-CA-94560/79530195_zpid/","Newark, CA 94560","Pre-foreclosure","6244 Cotton Ave,","2","https://www.zillow.com/newark-ca/2_p/","","","null","3","null","$633,268","$633,268","Single Family","1960","No Data","No Data","Single Family","5,650 sqft","null","6","4","6","{""targetDiv"":""gpt-ad-b502406c-0969-45e7-a07a-58713a901a02"",""slot"":""zillow/property_details/buy_foreclosure/rtt_main_p1"",""network"":""7449"",""sizes"":[""fluid""],""defer_ad"":true,""explicit_defer_ad"":false,""defer_target_frame"":false,""targets"":{""aamgnrc1"":""6244 Cotton Ave"",""bd"":""3"",""city"":""Newark"",""proptp"":""sfh"",""pid"":""79530195"",""lot"":""2"",""zestibuck"":""700-799k"",""listtp"":""buy_foreclosure"",""zguidh"":""6404450049660866394"",""sqftrange"":""1000-1499"",""price"":""727895"",""sqft"":""1000"",""posting_url"":"""",""mlong"":""-122.02692"",""state"":""CA"",""park"":""yes"",""prange"":""700-799k"",""zip"":""94560"",""mlat"":""37.532682"",""z_listing_image_url"":"""",""zusr"":""true"",""price_band"":""z700"",""yrblt"":""1960-1969"",""zestimate"":""727895"",""premieragent"":""no""}}","null","null","null","null"
"1572900842-1778","https://www.zillow.com/homes/newark-ca_rb/","","https://www.zillow.com/community/skylark-at-sanctuary-village/2082605868_zpid/","Fremont, CA 94538","New construction","Buildable plan: Skylark Plan One, Skylark at Sanctuary Village,","","","","","3,179","5","4","$1,479,010","$1,479,000","Single Family","2019","No Data","No Data","Single Family","No Data","null","9","4","6","{""targetDiv"":""gpt-ad-d8e50497-c600-4db7-a203-d725a1a783a7"",""slot"":""zillow/property_details/buy_builder_community/rtt_main_p1"",""network"":""7449"",""sizes"":[""fluid""],""defer_ad"":true,""explicit_defer_ad"":false,""defer_target_frame"":false,""targets"":{""aamgnrc2"":"" 5M8OHP"",""aamgnrc1"":""39514 S Darner Dr"",""bd"":""5"",""fsbid"":""14581"",""city"":""Fremont"",""proptp"":""sfh"",""pid"":""2082605868"",""zestibuck"":""1-1_499m"",""listtp"":""buy_builder_community"",""zguidh"":""1805368842246238228"",""sqftrange"":""3000-3499"",""price"":""1479000"",""sqft"":""3179"",""posting_url"":""https://landseahomes.com/skylark-sanctuary-village/skylark-plan-one?utm_medium=newhomefeed&utm_source=zillow%2Fpaid_network&nhf_channel=6&nhf_listing_id=572328&nhf_listing_type=plan&utm_term=plan_SkylarkPlanOne&utm_campaign=Fremont%2FCA"",""state"":""CA"",""mlong"":""-121.999444"",""cnty"":""Alameda"",""prange"":""1-1_499m"",""zip"":""94538"",""mlat"":""37.513056"",""plid"":""26146367"",""z_listing_image_url"":""https://photos.zillowstatic.com/p_d/IS3f8binfs9p400000000000.jpg"",""zusr"":""true"",""price_band"":""z1m"",""yrblt"":""2010-2019"",""zestimate"":""1479010"",""premieragent"":""no"",""builderChatId"":""14581-817871"",""dma"":""37""}}","null","null","null","null"
"1572900740-1677","https://www.zillow.com/homes/newark-ca_rb/","","https://www.zillow.com/homedetails/37143-Ash-St-Newark-CA-94560/24921834_zpid/","Newark, CA 94560","For sale","37143 Ash St,","","","","","726","2","1","$668,745","$649,900","Single Family","1954","Wall","None","Single Family","6,198 sqft","$2,510/mo","3","4","6","{""targetDiv"":""gpt-ad-0e2e5577-da9b-406f-b9f1-1372260897b9"",""slot"":""zillow/property_details/buy_agent/rtt_main_p1"",""network"":""7449"",""sizes"":[""fluid""],""defer_ad"":true,""explicit_defer_ad"":false,""defer_target_frame"":false,""targets"":{""aamgnrc1"":""37143 Ash St"",""bd"":""2"",""fsbid"":""14106"",""city"":""Newark"",""proptp"":""sfh"",""pid"":""24921834"",""lot"":""2"",""zestibuck"":""600-699k"",""listtp"":""buy_agent"",""zguidh"":""-4688392320328178896"",""sqftrange"":""500-999"",""price"":""649900"",""sqft"":""726"",""posting_url"":"""",""mlong"":""-122.040033"",""state"":""CA"",""park"":""yes"",""prange"":""600-699k"",""zip"":""94560"",""mlat"":""37.526985"",""z_listing_image_url"":""https://photos.zillowstatic.com/p_d/ISnqyemcxbwbbt1000000000.jpg"",""zusr"":""true"",""price_band"":""z600"",""yrblt"":""1940-1959"",""zestimate"":""668745"",""premieragent"":""no""}}","null","null","null","null"
"1572900821-1761","https://www.zillow.com/homes/newark-ca_rb/","","https://www.zillow.com/homedetails/36474-Shelley-Ct-Newark-CA-94560/24925395_zpid/","Newark, CA 94560","For sale","36474 Shelley Ct,","","","","","1,232","3","2","$783,558","$775,000","Single Family","1971","Forced air","Central","Single Family","6,581 sqft","$3,095/mo","6","4","6","No Data","null","null","null","null"
"1572900859-1792","https://www.zillow.com/homes/newark-ca_rb/","","https://www.zillow.com/community/lighthouse/2082743742_zpid/","Newark, CA 94560","New construction","Buildable plan: Residence 1, Lighthouse,","","","","","1,424","2","3","$909,237","$915,880","Townhouse","2019","No Data","No Data","Townhouse","No Data","null","3","4","6","{""targetDiv"":""gpt-ad-0c507aa8-eb16-4e2d-b69c-36bd191af837"",""slot"":""zillow/property_details/buy_builder_community/rtt_main_p1"",""network"":""7449"",""sizes"":[""fluid""],""defer_ad"":true,""explicit_defer_ad"":false,""defer_target_frame"":false,""targets"":{""aamgnrc2"":"" QFZVE8"",""aamgnrc1"":""37533 Willow St"",""bd"":""2"",""fsbid"":""11527"",""city"":""Newark"",""proptp"":""twn"",""pid"":""2082743742"",""zestibuck"":""900-999k"",""listtp"":""buy_builder_community"",""zguidh"":""1805368842246238228"",""sqftrange"":""1000-1499"",""price"":""915880"",""sqft"":""1424"",""posting_url"":""http://www.lennar.com/new-homes/california/san-francisco-bay-area/newark/lighthouse?utm_source=zillowtrulia&utm_medium=listing&utm_campaign=bahlen_listing_zillowtrulia_lighthouse"",""state"":""CA"",""mlong"":""-122.049"",""cnty"":""San_Mateo"",""prange"":""900-999k"",""zip"":""94560"",""mlat"":""37.5197"",""plid"":""29498"",""z_listing_image_url"":""https://photos.zillowstatic.com/p_d/ISv0smealn6jfs1000000000.jpg"",""zusr"":""true"",""price_band"":""z900"",""hood"":""Sharon_Heights"",""yrblt"":""2010-2019"",""zestimate"":""909237"",""premieragent"":""no"",""builderChatId"":""11527-814440"",""dma"":""37""}}","null","null","null","null"
"1572900833-1770","https://www.zillow.com/homes/newark-ca_rb/","","https://www.zillow.com/community/primrose-at-sanctuary-village/2085545135_zpid/","Newark, CA 94560","New construction","Buildable plan: Plan 2 Modeled, Primrose at Sanctuary Village,","","","","","2,299","4","3","$1,342,790","$1,370,000","Single Family","2019","No Data","No Data","Single Family","No Data","null","9","4","6","{""targetDiv"":""gpt-ad-62ca3a19-52b5-4825-bbf9-f4a1f4236282"",""slot"":""zillow/property_details/buy_builder_community/rtt_main_p1"",""network"":""7449"",""sizes"":[""fluid""],""defer_ad"":true,""explicit_defer_ad"":false,""defer_target_frame"":false,""targets"":{""aamgnrc2"":"" UMGFK4"",""aamgnrc1"":""39815 Spadefoot"",""bd"":""4"",""fsbid"":""13081"",""city"":""Newark"",""proptp"":""sfh"",""pid"":""2085545135"",""zestibuck"":""1-1_499m"",""listtp"":""buy_builder_community"",""zguidh"":""1805368842246238228"",""sqftrange"":""2000-2499"",""price"":""1370000"",""sqft"":""2299"",""posting_url"":""https://www.kbhome.com/new-homes-south-bay/primrose-at-sanctuary-village/plan-2-modeled?utm_source=zillowgroup&utm_medium=listing&utm_floorPlanID=00650206-236.2299"",""state"":""CA"",""mlong"":""-121.995374"",""cnty"":""San_Mateo"",""prange"":""1-1_499m"",""zip"":""94560"",""mlat"":""37.512673"",""plid"":""14453808"",""z_listing_image_url"":""https://photos.zillowstatic.com/p_d/IS6afourv6uc4o0000000000.jpg"",""zusr"":""true"",""price_band"":""z1m"",""yrblt"":""2010-2019"",""zestimate"":""1342790"",""premieragent"":""no"",""builderChatId"":""13081-805179"",""dma"":""37""}}","null","null","null","null"
"1572900882-1812","https://www.zillow.com/homes/newark-ca_rb/","","https://www.zillow.com/homedetails/6395-Joaquin-Murieta-Ave-APT-E-Newark-CA-94560/2082173722_zpid/","Newark, CA 94560","For sale","6395 Joaquin Murieta Ave APT E,","","","","","1,132","2","2","$574,085","$570,000","Townhouse","1981","Forced air","None","Townhouse","932 sqft","null","9","4","6","No Data","null","null","null","null"
"1572900788-1733","https://www.zillow.com/homes/newark-ca_rb/","","https://www.zillow.com/homedetails/6239-Thornton-Ave-Newark-CA-94560/241574330_zpid/","Newark, CA 94560","For sale","6239 Thornton Ave,","","","","","1,520","3","3","$799,000","$799,000","Condo","2017","Forced air","Central","Condo","$262/month","$3,200/mo","3","4","6","{""targetDiv"":""gpt-ad-c9860301-9183-4883-8e06-e43af13f94c7"",""slot"":""zillow/property_details/buy_agent/rtt_main_p1"",""network"":""7449"",""sizes"":[""fluid""],""defer_ad"":true,""explicit_defer_ad"":false,""defer_target_frame"":false,""targets"":{""aamgnrc1"":""6239 Thornton Ave"",""bd"":""3"",""fsbid"":""13698"",""city"":""Newark"",""proptp"":""cnd"",""pid"":""241574330"",""zestibuck"":""700-799k"",""listtp"":""buy_agent"",""zguidh"":""1127942784500741168"",""sqftrange"":""1500-1999"",""price"":""799000"",""sqft"":""1520"",""posting_url"":""http://www.vickyhousing.com"",""mlong"":""-122.031472"",""state"":""CA"",""park"":""yes"",""prange"":""700-799k"",""zip"":""94560"",""mlat"":""37.535989"",""z_listing_image_url"":""https://photos.zillowstatic.com/p_d/ISrlxd6rs588fk0000000000.jpg"",""zusr"":""true"",""price_band"":""z700"",""yrblt"":""2010-2019"",""zestimate"":""799000"",""premieragent"":""no""}}","null","null","null","null"
"1572900840-1776","https://www.zillow.com/homes/newark-ca_rb/","","https://www.zillow.com/community/primrose-at-sanctuary-village/2084333409_zpid/","Newark, CA 94560","New construction","Buildable plan: Plan 3, Primrose at Sanctuary Village,","","","","","2,494","5","3","$1,389,319","$1,410,000","Single Family","2019","No Data","No Data","Single Family","No Data","null","9","4","6","No Data","null","null","null","null"
"1572900672-1591","https://www.zillow.com/homes/newark-ca_rb/","","https://www.zillow.com/homedetails/37096-Poplar-St-Newark-CA-94560/24921657_zpid/","Newark, CA 94560","Pre-foreclosure","37096 Poplar St,","2","https://www.zillow.com/newark-ca/2_p/","","","null","3","null","$704,487","$704,487","Single Family","1961","No Data","No Data","Single Family","0.33 acres","null","3","4","6","{""targetDiv"":""gpt-ad-2ee83c38-4595-420d-a1fb-2e0fbe9808ec"",""slot"":""zillow/property_details/buy_foreclosure/rtt_main_p1"",""network"":""7449"",""sizes"":[""fluid""],""defer_ad"":true,""explicit_defer_ad"":false,""defer_target_frame"":false,""targets"":{""aamgnrc1"":""37096 Poplar St"",""bd"":""3"",""city"":""Newark"",""proptp"":""sfh"",""pid"":""24921657"",""lot"":""3"",""zestibuck"":""800-899k"",""listtp"":""buy_foreclosure"",""zguidh"":""-5212353882802831989"",""sqftrange"":""1000-1499"",""price"":""809756"",""sqft"":""1080"",""posting_url"":"""",""mlong"":""-122.045765"",""state"":""CA"",""park"":""yes"",""prange"":""800-899k"",""zip"":""94560"",""mlat"":""37.525947"",""z_listing_image_url"":"""",""zusr"":""true"",""price_band"":""z800"",""yrblt"":""1960-1969"",""zestimate"":""809756"",""premieragent"":""no""}}","null","null","null","null"
"1572900849-1783","https://www.zillow.com/homes/newark-ca_rb/","","https://www.zillow.com/community/primrose-at-sanctuary-village/2085480946_zpid/","Newark, CA 94560","New construction","Buildable plan: Plan 1 Modeled, Primrose at Sanctuary Village,","","","","","2,068","4","3","$1,271,651","$1,295,000","Single Family","2019","No Data","No Data","Single Family","No Data","null","9","4","6","No Data","null","null","null","null"
"1572900690-1617","https://www.zillow.com/homes/newark-ca_rb/","","https://www.zillow.com/homedetails/36109-Dalewood-Dr-Newark-CA-94560/24926480_zpid/","Newark, CA 94560","Pre-foreclosure / auction","36109 Dalewood Dr,","2","https://www.zillow.com/newark-ca/2_p/","","","null","4","null","$826,097","$826,097","Single Family","1960","No Data","No Data","Single Family","6,000 sqft","null","6","4","6","{""targetDiv"":""gpt-ad-74ed96df-e309-4b7c-849b-6be44494fae2"",""slot"":""zillow/property_details/buy_foreclosure/rtt_main_p1"",""network"":""7449"",""sizes"":[""fluid""],""defer_ad"":true,""explicit_defer_ad"":false,""defer_target_frame"":false,""targets"":{""aamgnrc1"":""36109 Dalewood Dr"",""bd"":""4"",""city"":""Newark"",""proptp"":""sfh"",""pid"":""24926480"",""lot"":""2"",""zestibuck"":""900-999k"",""listtp"":""buy_foreclosure"",""zguidh"":""-1599547614842729441"",""sqftrange"":""1500-1999"",""price"":""949537"",""sqft"":""1808"",""posting_url"":"""",""mlong"":""-122.037089"",""state"":""CA"",""park"":""yes"",""prange"":""900-999k"",""zip"":""94560"",""mlat"":""37.544869"",""z_listing_image_url"":"""",""zusr"":""true"",""price_band"":""z900"",""yrblt"":""1960-1969"",""zestimate"":""949537"",""premieragent"":""no""}}","null","null","null","null"
"1572900683-1608","https://www.zillow.com/homes/newark-ca_rb/","","https://www.zillow.com/homedetails/35940-Bettencourt-St-Newark-CA-94560/24923043_zpid/","Newark, CA 94560","Pre-foreclosure","35940 Bettencourt St,","2","https://www.zillow.com/newark-ca/2_p/","","","null","4","null","$803,095","$803,095","Single Family","1965","No Data","No Data","Single Family","8,100 sqft","null","8","4","6","{""targetDiv"":""gpt-ad-811bdf0b-3118-49ab-9e16-699f4c6a9009"",""slot"":""zillow/property_details/buy_foreclosure/rtt_main_p1"",""network"":""7449"",""sizes"":[""fluid""],""defer_ad"":true,""explicit_defer_ad"":false,""defer_target_frame"":false,""targets"":{""aamgnrc1"":""35940 Bettencourt St"",""bd"":""4"",""city"":""Newark"",""proptp"":""sfh"",""pid"":""24923043"",""lot"":""2"",""zestibuck"":""900-999k"",""listtp"":""buy_foreclosure"",""zguidh"":""-5741684386757253953"",""sqftrange"":""1500-1999"",""price"":""923098"",""sqft"":""1506"",""posting_url"":"""",""mlong"":""-122.053762"",""state"":""CA"",""park"":""yes"",""prange"":""900-999k"",""zip"":""94560"",""mlat"":""37.538175"",""z_listing_image_url"":"""",""zusr"":""true"",""price_band"":""z900"",""yrblt"":""1960-1969"",""zestimate"":""923098"",""premieragent"":""no""}}","null","null","null","null"
"1572900780-1726","https://www.zillow.com/homes/newark-ca_rb/","","https://www.zillow.com/homedetails/6090-Joaquin-Murieta-Ave-APT-E-Newark-CA-94560/2082388374_zpid/","Newark, CA 94560","For sale","6090 Joaquin Murieta Ave APT E,","","","","","1,132","2","1","null","$569,900","Condo","1981","Forced air","None","Condo","$450/month","$2,600/mo","null","null","null","{""targetDiv"":""gpt-ad-9898a3b9-93b6-4350-8ce8-f2be7fa708af"",""slot"":""zillow/property_details/buy_agent/rtt_main_p1"",""network"":""7449"",""sizes"":[""fluid""],""defer_ad"":true,""explicit_defer_ad"":false,""defer_target_frame"":false,""targets"":{""aamgnrc2"":""Apt E"",""aamgnrc1"":""6090 Joaquin Murieta Ave"",""bd"":""2"",""fsbid"":""4383"",""city"":""Newark"",""proptp"":""cnd"",""pid"":""2082388374"",""lot"":""1"",""zestibuck"":""500-599k"",""listtp"":""buy_agent"",""zguidh"":""-3470734150587501211"",""sqftrange"":""1000-1499"",""price"":""569900"",""sqft"":""1132"",""posting_url"":""https://www.coldwellbankerhomes.com/ca/newark/6090-joaquin-murieta-ave-e/pid_33069719/?utm_campaign=OLDP-Zillow&utm_source=zillow&utm_medium=oldp&utm_content=listing"",""mlong"":""-121.997117"",""state"":""CA"",""prange"":""500-599k"",""zip"":""94560"",""mlat"":""37.519686"",""z_listing_image_url"":""https://photos.zillowstatic.com/p_d/IS3fkcvz2k9zzb0000000000.jpg"",""zusr"":""true"",""price_band"":""z500"",""yrblt"":""1980-1989"",""zestimate"":""569902"",""premieragent"":""no""}}","null","null","null","null"
